-- Generated from FONT-URLS.txt on 2026-02-09T01:18:59.202447+00:00
BEGIN;

CREATE TABLE IF NOT EXISTS textstudio_fonts (
  font_slug_id BIGINT,
  page_url TEXT PRIMARY KEY,
  name TEXT NOT NULL,
  license_type TEXT NOT NULL CHECK (license_type IN ('free','premium','unknown')),
  font_format TEXT NULL CHECK (font_format IN ('ttf','otf') OR font_format IS NULL),
  created_at TIMESTAMPTZ NOT NULL DEFAULT now()
);

CREATE TABLE IF NOT EXISTS textstudio_font_categories (
  category_slug TEXT PRIMARY KEY,
  created_at TIMESTAMPTZ NOT NULL DEFAULT now()
);

CREATE TABLE IF NOT EXISTS textstudio_font_category_map (
  page_url TEXT NOT NULL REFERENCES textstudio_fonts(page_url) ON DELETE CASCADE,
  category_slug TEXT NOT NULL REFERENCES textstudio_font_categories(category_slug) ON DELETE CASCADE,
  PRIMARY KEY (page_url, category_slug)
);

CREATE INDEX IF NOT EXISTS idx_textstudio_fonts_license ON textstudio_fonts(license_type);
CREATE INDEX IF NOT EXISTS idx_textstudio_fonts_format ON textstudio_fonts(font_format);

-- Fonts
INSERT INTO textstudio_fonts (font_slug_id, page_url, name, license_type, font_format) VALUES
(13303,'https://www.textstudio.com/font/happy-weekend-13303','Happy Weekend Regular','premium','otf'),
(16350,'https://www.textstudio.com/font/smokers-regular-16350','Smokers Regular Regular','premium','otf'),
(8461,'https://www.textstudio.com/font/frankenstein-monster-inverse-8461','FRANKENSTEIN MONSTER-Inverse Regular','premium','ttf'),
(683,'https://www.textstudio.com/font/source-sans-pro-683','Source Sans Pro Regular','free','ttf'),
(13069,'https://www.textstudio.com/font/family-signature-13069','Family Signature Regular','premium','otf'),
(8201,'https://www.textstudio.com/font/diamonds-are-forever-inverse-normal-8201','Diamonds Are Forever-Inverse Normal','premium','ttf'),
(12510,'https://www.textstudio.com/font/beautiful-christmas-12510','Beautiful Christmas Regular','premium','otf'),
(6603,'https://www.textstudio.com/font/maven-pro-semibold-6603','Maven Pro SemiBold Regular','free','ttf'),
(9629,'https://www.textstudio.com/font/shake-it-off-hollow-normal-9629','Shake It Off-Hollow Normal','premium','ttf'),
(16106,'https://www.textstudio.com/font/urban-ink-shadow-16106','Urban Ink Shadow Regular','premium','otf'),
(16486,'https://www.textstudio.com/font/finest-whiskey-aged-16486','Finest Whiskey Aged Regular','premium','ttf'),
(14934,'https://www.textstudio.com/font/jacquelina-14934','Jacquelina Regular','premium','ttf'),
(12770,'https://www.textstudio.com/font/candy-canes-12770','Candy Canes Regular','premium','otf'),
(13091,'https://www.textstudio.com/font/father-day-13091','Father Day Regular','premium','otf'),
(13060,'https://www.textstudio.com/font/explorer-society-13060','Explorer Society Regular','premium','otf'),
(11677,'https://www.textstudio.com/font/alfadino-11677','Alfa&Dino Regular','premium','ttf'),
(16150,'https://www.textstudio.com/font/brewhouse-aged-16150','BrewHouse Aged Regular','premium','otf'),
(15929,'https://www.textstudio.com/font/coffeeman-aged-15929','CoffeeMan Aged Regular','premium','otf'),
(682,'https://www.textstudio.com/font/source-code-pro-682','Source Code Pro Regular','free','ttf'),
(12249,'https://www.textstudio.com/font/funky-hype-12249','Funky Hype Regular','premium','otf'),
(13360,'https://www.textstudio.com/font/hello-scary-13360','Hello Scary Regular','premium','otf'),
(15970,'https://www.textstudio.com/font/black-cycle-aged-shadow-15970','Black Cycle 2 Aged Shadow Regular','premium','otf'),
(15099,'https://www.textstudio.com/font/grovelane-15099','GROVELANE Regular','premium','ttf'),
(15143,'https://www.textstudio.com/font/white-wonder-15143','White Wonder Regular','premium','ttf'),
(694,'https://www.textstudio.com/font/stalemate-694','Stalemate Regular','free','ttf'),
(14980,'https://www.textstudio.com/font/orange-beauty-14980','Orange Beauty Regular','premium','ttf'),
(8857,'https://www.textstudio.com/font/jumping-running-inverse-8857','Jumping Running-Inverse Regular','premium','ttf'),
(11738,'https://www.textstudio.com/font/mister-slasher-11738','MISTER SLASHER Regular','premium','ttf'),
(13734,'https://www.textstudio.com/font/morning-snow-13734','Morning Snow Regular','premium','otf'),
(7993,'https://www.textstudio.com/font/block-hollow-7993','BLOCK-Hollow Regular','premium','ttf'),
(12181,'https://www.textstudio.com/font/quick-funny-12181','Quick Funny Regular','premium','otf'),
(15835,'https://www.textstudio.com/font/pretendard-thin-15835','Pretendard Thin Regular','free','otf'),
(14333,'https://www.textstudio.com/font/summer-begin-14333','Summer Begin Regular','premium','otf'),
(13444,'https://www.textstudio.com/font/house-planner-13444','House Planner Regular','premium','otf'),
(13598,'https://www.textstudio.com/font/longnails-13598','Longnails Regular','premium','otf'),
(16491,'https://www.textstudio.com/font/finest-whiskey-texture-16491','Finest Whiskey Texture 2 Regular','premium','ttf'),
(10294,'https://www.textstudio.com/font/experiment-butterfly-normal-10294','EXPERIMENT BUTTERFLY Normal','premium','ttf'),
(16151,'https://www.textstudio.com/font/brewhouse-full-16151','BrewHouse Full Regular','premium','otf'),
(15047,'https://www.textstudio.com/font/white-cakes-15047','White Cakes Regular','premium','ttf'),
(13269,'https://www.textstudio.com/font/handmade-signature-13269','Handmade Signature Regular','premium','otf'),
(10202,'https://www.textstudio.com/font/autumn-normal-10202','AUTUMN Normal','premium','ttf'),
(9511,'https://www.textstudio.com/font/ride-the-lightning-hollow-inver-9511','Ride The Lightning-Hollow-Inver Regular','premium','ttf'),
(15879,'https://www.textstudio.com/font/hkf-gold-queen-decorative-15879','HKF Gold Queen R Decorative Regular','premium','otf'),
(2488,'https://www.textstudio.com/font/lobster-two-bold-italic-2488','Lobster Two Bold Italic','free','ttf'),
(15894,'https://www.textstudio.com/font/libre-franklin-bold-italic-15894','Libre Franklin Bold Italic','free','ttf'),
(12405,'https://www.textstudio.com/font/autumn-festival-12405','Autumn Festival Regular','premium','otf'),
(8133,'https://www.textstudio.com/font/creative-mind-negreta-8133','Creative Mind Negreta','premium','ttf'),
(14664,'https://www.textstudio.com/font/welcome-14664','Welcome Regular','premium','otf'),
(16105,'https://www.textstudio.com/font/urban-ink-full-16105','Urban Ink Full Regular','premium','otf'),
(7846,'https://www.textstudio.com/font/asia-pacific-normal-7846','ASIA PACIFIC Normal','premium','ttf'),
(14412,'https://www.textstudio.com/font/sweet-honey-14412','Sweet Honey Regular','free','otf'),
(14932,'https://www.textstudio.com/font/island-beach-14932','Island Beach Regular','premium','ttf'),
(13957,'https://www.textstudio.com/font/reality-13957','Reality Regular','premium','otf'),
(12311,'https://www.textstudio.com/font/always-happy-12311','Always Happy Regular','premium','otf'),
(12599,'https://www.textstudio.com/font/black-light-12599','Black Light Regular','premium','otf'),
(17675,'https://www.textstudio.com/font/fredoka-expanded-bold-17675','Fredoka Expanded Bold','free','ttf'),
(13769,'https://www.textstudio.com/font/night-full-of-light-13769','Night Full Of Light Regular','premium','otf'),
(13037,'https://www.textstudio.com/font/eat-and-drink-13037','Eat And Drink Regular','premium','otf'),
(11692,'https://www.textstudio.com/font/mono-seahorse-graffiti-11692','Mono Seahorse Graffiti Regular','premium','ttf'),
(16158,'https://www.textstudio.com/font/royal-brandy-texture-shadow-16158','Royal Brandy Texture Shadow Regular','premium','otf'),
(13743,'https://www.textstudio.com/font/mothers-history-13743','Mothers History Regular','premium','otf'),
(13491,'https://www.textstudio.com/font/jelly-drink-13491','Jelly Drink Regular','premium','otf'),
(15085,'https://www.textstudio.com/font/daytime-15085','Daytime Regular','premium','ttf'),
(13787,'https://www.textstudio.com/font/notebook-13787','Notebook Regular','premium','otf'),
(12425,'https://www.textstudio.com/font/baby-mermaid-line-12425','Baby Mermaid Line Regular','premium','otf'),
(12616,'https://www.textstudio.com/font/blackside-12616','Blackside Regular','premium','otf'),
(1330,'https://www.textstudio.com/font/andika-new-basic-bold-1330','Andika New Basic Bold','free','ttf'),
(9743,'https://www.textstudio.com/font/stay-kind-and-repeat-negreta-9743','Stay Kind and REPEAT Negreta','premium','ttf'),
(12219,'https://www.textstudio.com/font/milan-midnight-12219','Milan Midnight Regular','premium','otf'),
(8046,'https://www.textstudio.com/font/butterfly-hollow-8046','BUTTERFLY-Hollow Regular','premium','ttf'),
(16046,'https://www.textstudio.com/font/circus-sideshow-shadow-fx-16046','Circus Sideshow Shadow FX Regular','premium','otf'),
(13033,'https://www.textstudio.com/font/easter-bunny-13033','Easter Bunny Regular','premium','otf'),
(10150,'https://www.textstudio.com/font/abc-hollow-inverse-normal-10150','abc-Hollow-Inverse Normal','premium','ttf'),
(15899,'https://www.textstudio.com/font/libre-franklin-italic-15899','Libre Franklin Italic','free','ttf'),
(15925,'https://www.textstudio.com/font/india-pa-aged-script-15925','India PA Aged Script Regular','premium','otf'),
(15836,'https://www.textstudio.com/font/binggrae-melona-bold-15836','Binggrae Melona Bold','free','otf'),
(14344,'https://www.textstudio.com/font/summer-fashion-14344','Summer Fashion Regular','premium','otf'),
(16038,'https://www.textstudio.com/font/happytrip-texture-color-16038','HappyTrip Texture Color 1 Regular','premium','otf'),
(13285,'https://www.textstudio.com/font/happy-holidays-13285','Happy Holidays Regular','premium','otf'),
(8134,'https://www.textstudio.com/font/creative-mind-negreta-cursiva-8134','Creative Mind Negreta Cursiva','premium','ttf'),
(10074,'https://www.textstudio.com/font/where-wolf-italic-10074','Where Wolf Italic','premium','ttf'),
(177,'https://www.textstudio.com/font/contrail-one-177','Contrail One Regular','free','ttf'),
(15909,'https://www.textstudio.com/font/beard-point-shadow-15909','Beard Point Shadow Regular','premium','otf'),
(8791,'https://www.textstudio.com/font/inside-bold-italic-8791','Inside Bold Italic','premium','ttf'),
(12153,'https://www.textstudio.com/font/klasika-12153','Klasika Regular','premium','otf'),
(113,'https://www.textstudio.com/font/black-han-sans-113','Black Han Sans Regular','free','ttf'),
(14080,'https://www.textstudio.com/font/serenity-14080','Serenity Regular','premium','otf'),
(14901,'https://www.textstudio.com/font/frozenflare-14901','Frozenflare Regular','premium','ttf'),
(9972,'https://www.textstudio.com/font/tshirt-italic-9972','TSHIRT Italic','premium','ttf'),
(778,'https://www.textstudio.com/font/gentium-basic-italic-778','Gentium Basic Italic','free','ttf'),
(9105,'https://www.textstudio.com/font/metro-city-hollow-inverse-9105','METRO CITY-Hollow-Inverse Regular','premium','ttf'),
(16194,'https://www.textstudio.com/font/two-shots-rough-shadow-16194','Two Shots Rough Shadow Regular','premium','otf'),
(12471,'https://www.textstudio.com/font/barbie-town-12471','Barbie Town Regular','premium','otf'),
(12236,'https://www.textstudio.com/font/valentine-street-12236','Valentine Street Regular','premium','otf'),
(15799,'https://www.textstudio.com/font/cookierunotf-regular-15799','CookieRunOTF Regular Regular','premium','otf'),
(16855,'https://www.textstudio.com/font/berg-regular-16855','Berg Regular Regular','free','ttf'),
(32645,'https://www.textstudio.com/font/decovista-32645','Decovista Regular','premium','ttf'),
(32642,'https://www.textstudio.com/font/glacial-indifference-32642','Glacial Indifference Regular','free','otf'),
(16253,'https://www.textstudio.com/font/outer-space-shadow-effect-16253','Outer Space Shadow Effect Regular','premium','otf'),
(11701,'https://www.textstudio.com/font/zigatos-11701','ZIGATOS Regular','premium','ttf'),
(14752,'https://www.textstudio.com/font/worthwhile-14752','Worthwhile Regular','premium','otf'),
(15976,'https://www.textstudio.com/font/ice-cube-3d-red-15976','Ice Cube 3D Red Regular','premium','otf'),
(12755,'https://www.textstudio.com/font/calligraphy-12755','Calligraphy Regular','premium','otf'),
(525,'https://www.textstudio.com/font/pacifico-525','Pacifico Regular','free','ttf'),
(17678,'https://www.textstudio.com/font/fredoka-expanded-17678','Fredoka Expanded Regular','free','ttf'),
(13933,'https://www.textstudio.com/font/quilt-13933','Quilt Regular','premium','otf'),
(13130,'https://www.textstudio.com/font/fresh-banana-13130','Fresh Banana Regular','premium','otf'),
(14391,'https://www.textstudio.com/font/sunshine-bright-14391','Sunshine Bright Regular','premium','otf'),
(12576,'https://www.textstudio.com/font/birthday-candle-12576','Birthday Candle Regular','premium','otf'),
(16009,'https://www.textstudio.com/font/fishman-aged-16009','Fishman Aged Regular','premium','otf'),
(168,'https://www.textstudio.com/font/clara-168','Clara Regular','free','ttf'),
(12298,'https://www.textstudio.com/font/ainsley-signature-12298','Ainsley Signature Regular','premium','otf'),
(7851,'https://www.textstudio.com/font/astonishing-7851','Astonishing Regular','premium','ttf'),
(2104,'https://www.textstudio.com/font/ibm-plex-sans-kr-bold-2104','IBM Plex Sans KR Bold','free','ttf'),
(9050,'https://www.textstudio.com/font/master-panda-9050','MASTER PANDA Regular','premium','ttf'),
(333,'https://www.textstudio.com/font/ibm-plex-mono-333','IBM Plex Mono Regular','free','ttf'),
(10252,'https://www.textstudio.com/font/computer-robot-normal-10252','COMPUTER Robot Normal','premium','ttf'),
(14584,'https://www.textstudio.com/font/valentine-season-14584','Valentine Season Regular','premium','otf'),
(8855,'https://www.textstudio.com/font/jumping-running-hollow-8855','Jumping Running-Hollow Regular','premium','ttf'),
(13291,'https://www.textstudio.com/font/happy-birthday-13291','Happy Birthday Regular','premium','otf'),
(16113,'https://www.textstudio.com/font/brewing-crafters-shadow-fx-16113','Brewing Crafters Shadow FX Regular','premium','otf'),
(12797,'https://www.textstudio.com/font/cheerfully-12797','Cheerfully Regular','premium','otf'),
(783,'https://www.textstudio.com/font/gentium-book-basic-783','Gentium Book Basic Regular','free','ttf'),
(15114,'https://www.textstudio.com/font/olympica-15114','Olympica Regular','premium','ttf'),
(9507,'https://www.textstudio.com/font/ride-the-lightning-9507','Ride The Lightning Regular','premium','ttf'),
(7977,'https://www.textstudio.com/font/bird-feather-cursiva-7977','Bird Feather Cursiva','premium','ttf'),
(15987,'https://www.textstudio.com/font/militarist-lines-15987','Militarist Lines Regular','premium','otf'),
(17664,'https://www.textstudio.com/font/cairo-medium-17664','Cairo Medium Regular','free','ttf'),
(13752,'https://www.textstudio.com/font/movie-13752','Movie Regular','premium','otf'),
(13520,'https://www.textstudio.com/font/jungle-camp-13520','Jungle Camp Regular','premium','otf'),
(17662,'https://www.textstudio.com/font/cairo-extralight-17662','Cairo ExtraLight Regular','free','ttf'),
(14278,'https://www.textstudio.com/font/spring-holiday-14278','Spring Holiday Regular','premium','otf'),
(3396,'https://www.textstudio.com/font/trirong-thin-3396','Trirong Thin','free','ttf'),
(13659,'https://www.textstudio.com/font/martyna-signature-13659','Martyna Signature Regular','premium','otf'),
(15966,'https://www.textstudio.com/font/black-cycle-aged-shadow-15966','Black Cycle 1 Aged Shadow Regular','premium','otf'),
(12173,'https://www.textstudio.com/font/toxic-inked-12173','Toxic Inked Regular','premium','otf'),
(1558,'https://www.textstudio.com/font/biorhyme-extralight-1558','BioRhyme ExtraLight','free','ttf'),
(7801,'https://www.textstudio.com/font/alexandra-hollow-inverse-normal-7801','ALEXANDRA-HOLLOW-INVERSE Normal','premium','ttf'),
(15990,'https://www.textstudio.com/font/militarist-stencil-rough-15990','Militarist Stencil Rough Regular','premium','otf'),
(8136,'https://www.textstudio.com/font/creative-mind-cursiva-8136','Creative Mind Cursiva','premium','ttf'),
(11695,'https://www.textstudio.com/font/dastin-toxic-11695','Dastin Toxic Regular','premium','ttf'),
(14975,'https://www.textstudio.com/font/nicholia-14975','Nicholia Regular','premium','ttf'),
(247,'https://www.textstudio.com/font/euphoria-script-247','Euphoria Script Regular','free','ttf'),
(2112,'https://www.textstudio.com/font/ibm-plex-sans-thai-extralight-2112','IBM Plex Sans Thai ExtraLight Regular','free','ttf'),
(12398,'https://www.textstudio.com/font/autogradien-12398','Autogradien Regular','premium','otf'),
(13122,'https://www.textstudio.com/font/flying-balloon-13122','Flying Balloon Regular','premium','otf'),
(9059,'https://www.textstudio.com/font/master-inverseotf-9059','MASTER-Inverse.otf Regular','premium','ttf'),
(13653,'https://www.textstudio.com/font/mardi-gras-13653','Mardi Gras Regular','premium','otf'),
(15947,'https://www.textstudio.com/font/powergym-italic-effect-15947','PowerGYM Italic Effect Regular','premium','otf'),
(12292,'https://www.textstudio.com/font/agatha-12292','Agatha Regular','premium','otf'),
(15977,'https://www.textstudio.com/font/ice-cube-color-15977','Ice Cube Color Regular','premium','otf'),
(11606,'https://www.textstudio.com/font/fireboys-outline-11606','FIREBOYS outline Regular','premium','ttf'),
(12472,'https://www.textstudio.com/font/barbie-wedding-12472','Barbie Wedding Regular','premium','otf'),
(1218,'https://www.textstudio.com/font/courier-prime-bold-1218','Courier Prime Bold','free','ttf'),
(12316,'https://www.textstudio.com/font/amazing-12316','Amazing Regular','premium','otf'),
(16110,'https://www.textstudio.com/font/brewing-crafters-16110','Brewing Crafters Regular','premium','otf'),
(12494,'https://www.textstudio.com/font/beach-house-12494','Beach House Regular','premium','otf'),
(13413,'https://www.textstudio.com/font/hollywood-13413','Hollywood Regular','premium','otf'),
(12392,'https://www.textstudio.com/font/auntie-12392','Auntie Regular','premium','otf'),
(6606,'https://www.textstudio.com/font/maven-pro-black-6606','Maven Pro Black Regular','free','ttf'),
(13822,'https://www.textstudio.com/font/orchid-flower-13822','Orchid Flower Regular','premium','otf'),
(16190,'https://www.textstudio.com/font/two-shots-clean-full-16190','Two Shots Clean Full Regular','premium','otf'),
(12860,'https://www.textstudio.com/font/christmas-valentine-12860','Christmas Valentine Regular','premium','otf'),
(8987,'https://www.textstudio.com/font/little-atom-hollow-inverse-8987','Little Atom-Hollow-Inverse Regular','premium','ttf'),
(13915,'https://www.textstudio.com/font/printing-13915','Printing Regular','premium','otf'),
(12442,'https://www.textstudio.com/font/back-to-family-12442','Back To Family Regular','premium','otf'),
(14916,'https://www.textstudio.com/font/golden-dates-14916','Golden Dates Regular','free','ttf'),
(12279,'https://www.textstudio.com/font/christmas-12279','Christmas Regular','premium','otf'),
(12806,'https://www.textstudio.com/font/chilly-12806','Chilly Regular','premium','otf'),
(14143,'https://www.textstudio.com/font/simple-planner-14143','Simple Planner Regular','premium','otf'),
(16645,'https://www.textstudio.com/font/muscle-cars-bold-16645','Muscle Cars Bold','premium','otf'),
(3229,'https://www.textstudio.com/font/source-sans-3229','Source Sans 3 Regular','free','ttf'),
(13515,'https://www.textstudio.com/font/july-sweet-13515','July Sweet Regular','premium','otf'),
(2301,'https://www.textstudio.com/font/kameron-bold-2301','Kameron Bold','free','ttf'),
(14794,'https://www.textstudio.com/font/achieved-14794','Achieved Regular','premium','otf'),
(8202,'https://www.textstudio.com/font/diamonds-are-forever-cursiva-8202','Diamonds Are Forever Cursiva','premium','ttf'),
(13353,'https://www.textstudio.com/font/hello-holiday-13353','Hello Holiday Regular','premium','otf'),
(14243,'https://www.textstudio.com/font/solid-14243','Solid Regular','premium','otf'),
(9381,'https://www.textstudio.com/font/play-the-game-italic-italic-9381','Play The Game-Italic Italic','premium','ttf'),
(8115,'https://www.textstudio.com/font/conversation-negreta-8115','Conversation Negreta','premium','ttf'),
(16223,'https://www.textstudio.com/font/original-absinthe-inline-fx-16223','Original Absinthe Inline FX Regular','premium','otf'),
(10190,'https://www.textstudio.com/font/android-robot-normal-10190','ANDROID ROBOT Normal','premium','ttf'),
(16153,'https://www.textstudio.com/font/brewhouse-shadow-16153','BrewHouse Shadow Regular','premium','otf'),
(15814,'https://www.textstudio.com/font/line-seed-sans-kr-thin-15814','LINE Seed Sans KR Thin Regular','free','otf'),
(13718,'https://www.textstudio.com/font/monday-family-13718','Monday Family Regular','premium','otf'),
(10147,'https://www.textstudio.com/font/abc-normal-10147','Abc Normal','premium','ttf'),
(2051,'https://www.textstudio.com/font/ibm-plex-mono-medium-2051','IBM Plex Mono Medium Regular','free','ttf'),
(16457,'https://www.textstudio.com/font/bonneville-full-effect-16457','Bonneville Full Effect Regular','premium','ttf')
ON CONFLICT (page_url) DO UPDATE SET
  name = EXCLUDED.name,
  license_type = EXCLUDED.license_type,
  font_format = EXCLUDED.font_format;

-- Categories
INSERT INTO textstudio_font_categories (category_slug) VALUES
('30s'),
('3d'),
('adventure'),
('art-deco'),
('baroque'),
('baseball'),
('basic'),
('black'),
('blood'),
('bold'),
('bracket-serif'),
('brush'),
('calligraphy'),
('cartoon'),
('celtic'),
('christmas'),
('code'),
('coding'),
('comic'),
('computer'),
('computing'),
('condensed'),
('curly'),
('cursive'),
('cute'),
('death-metal'),
('devil'),
('display'),
('distorted'),
('djinn'),
('dripping'),
('embossed'),
('eroded'),
('expanded'),
('extrude'),
('extruded'),
('fancy'),
('felt-tip-pen'),
('fire'),
('fixed-pitch'),
('fixed-width'),
('flame'),
('flames'),
('garfiti'),
('geek'),
('google-web'),
('gothic'),
('graffiti'),
('grafiti'),
('grunge'),
('halloween'),
('handwriting'),
('handwritten'),
('hard-rock'),
('harry-potter'),
('hearts'),
('heavy-metal'),
('highlighted'),
('horror'),
('hot'),
('inked'),
('italic'),
('jungle'),
('kids'),
('korean'),
('light'),
('love'),
('lowercase'),
('magic'),
('magician'),
('marker'),
('medival'),
('modern'),
('monospaced'),
('narrow'),
('newspaper'),
('old-english'),
('oriental'),
('outline'),
('paint'),
('peaked'),
('pencil'),
('pirates'),
('pointed'),
('programming'),
('promgramming'),
('retro'),
('rounded'),
('saloon'),
('sans-serif'),
('school'),
('scratched'),
('script'),
('semi-serif'),
('serif'),
('shadow'),
('sharp'),
('sharpened'),
('signature'),
('slab-serif'),
('slime'),
('sorcery'),
('street-art'),
('surf'),
('tattoo'),
('terror'),
('text'),
('thin'),
('tiny'),
('trash'),
('typewriter'),
('ultra-thin'),
('uneven'),
('uppercase'),
('valentine'),
('vintage'),
('wave'),
('wavy'),
('web'),
('western'),
('wide'),
('witch'),
('wizard')
ON CONFLICT (category_slug) DO NOTHING;

-- Category mapping
INSERT INTO textstudio_font_category_map (page_url, category_slug) VALUES
('https://www.textstudio.com/font/happy-weekend-13303','bold'),
('https://www.textstudio.com/font/happy-weekend-13303','brush'),
('https://www.textstudio.com/font/happy-weekend-13303','display'),
('https://www.textstudio.com/font/happy-weekend-13303','felt-tip-pen'),
('https://www.textstudio.com/font/happy-weekend-13303','handwriting'),
('https://www.textstudio.com/font/happy-weekend-13303','marker'),
('https://www.textstudio.com/font/happy-weekend-13303','script'),
('https://www.textstudio.com/font/frankenstein-monster-inverse-8461','fancy'),
('https://www.textstudio.com/font/frankenstein-monster-inverse-8461','gothic'),
('https://www.textstudio.com/font/frankenstein-monster-inverse-8461','halloween'),
('https://www.textstudio.com/font/frankenstein-monster-inverse-8461','hard-rock'),
('https://www.textstudio.com/font/frankenstein-monster-inverse-8461','highlighted'),
('https://www.textstudio.com/font/frankenstein-monster-inverse-8461','horror'),
('https://www.textstudio.com/font/frankenstein-monster-inverse-8461','terror'),
('https://www.textstudio.com/font/source-sans-pro-683','basic'),
('https://www.textstudio.com/font/source-sans-pro-683','coding'),
('https://www.textstudio.com/font/source-sans-pro-683','computer'),
('https://www.textstudio.com/font/source-sans-pro-683','computing'),
('https://www.textstudio.com/font/source-sans-pro-683','geek'),
('https://www.textstudio.com/font/source-sans-pro-683','programming'),
('https://www.textstudio.com/font/source-sans-pro-683','sans-serif'),
('https://www.textstudio.com/font/family-signature-13069','cursive'),
('https://www.textstudio.com/font/family-signature-13069','handwriting'),
('https://www.textstudio.com/font/family-signature-13069','handwritten'),
('https://www.textstudio.com/font/family-signature-13069','italic'),
('https://www.textstudio.com/font/family-signature-13069','script'),
('https://www.textstudio.com/font/family-signature-13069','signature'),
('https://www.textstudio.com/font/family-signature-13069','thin'),
('https://www.textstudio.com/font/coffeeman-aged-15929','bold'),
('https://www.textstudio.com/font/coffeeman-aged-15929','eroded'),
('https://www.textstudio.com/font/coffeeman-aged-15929','grunge'),
('https://www.textstudio.com/font/coffeeman-aged-15929','newspaper'),
('https://www.textstudio.com/font/coffeeman-aged-15929','retro'),
('https://www.textstudio.com/font/coffeeman-aged-15929','saloon'),
('https://www.textstudio.com/font/coffeeman-aged-15929','scratched'),
('https://www.textstudio.com/font/coffeeman-aged-15929','serif'),
('https://www.textstudio.com/font/coffeeman-aged-15929','uppercase'),
('https://www.textstudio.com/font/coffeeman-aged-15929','vintage'),
('https://www.textstudio.com/font/coffeeman-aged-15929','western'),
('https://www.textstudio.com/font/source-code-pro-682','basic'),
('https://www.textstudio.com/font/source-code-pro-682','coding'),
('https://www.textstudio.com/font/source-code-pro-682','computer'),
('https://www.textstudio.com/font/source-code-pro-682','computing'),
('https://www.textstudio.com/font/source-code-pro-682','fixed-pitch'),
('https://www.textstudio.com/font/source-code-pro-682','fixed-width'),
('https://www.textstudio.com/font/source-code-pro-682','geek'),
('https://www.textstudio.com/font/source-code-pro-682','monospaced'),
('https://www.textstudio.com/font/source-code-pro-682','programming'),
('https://www.textstudio.com/font/source-code-pro-682','sans-serif'),
('https://www.textstudio.com/font/funky-hype-12249','cartoon'),
('https://www.textstudio.com/font/funky-hype-12249','distorted'),
('https://www.textstudio.com/font/funky-hype-12249','graffiti'),
('https://www.textstudio.com/font/funky-hype-12249','grafiti'),
('https://www.textstudio.com/font/funky-hype-12249','street-art'),
('https://www.textstudio.com/font/funky-hype-12249','uneven'),
('https://www.textstudio.com/font/hello-scary-13360','black'),
('https://www.textstudio.com/font/hello-scary-13360','blood'),
('https://www.textstudio.com/font/hello-scary-13360','dripping'),
('https://www.textstudio.com/font/hello-scary-13360','halloween'),
('https://www.textstudio.com/font/hello-scary-13360','horror'),
('https://www.textstudio.com/font/hello-scary-13360','paint'),
('https://www.textstudio.com/font/hello-scary-13360','slime'),
('https://www.textstudio.com/font/hello-scary-13360','terror'),
('https://www.textstudio.com/font/black-cycle-aged-shadow-15970','30s'),
('https://www.textstudio.com/font/black-cycle-aged-shadow-15970','3d'),
('https://www.textstudio.com/font/black-cycle-aged-shadow-15970','art-deco'),
('https://www.textstudio.com/font/black-cycle-aged-shadow-15970','embossed'),
('https://www.textstudio.com/font/black-cycle-aged-shadow-15970','eroded'),
('https://www.textstudio.com/font/black-cycle-aged-shadow-15970','extrude'),
('https://www.textstudio.com/font/black-cycle-aged-shadow-15970','old-english'),
('https://www.textstudio.com/font/black-cycle-aged-shadow-15970','retro'),
('https://www.textstudio.com/font/black-cycle-aged-shadow-15970','scratched'),
('https://www.textstudio.com/font/black-cycle-aged-shadow-15970','serif'),
('https://www.textstudio.com/font/black-cycle-aged-shadow-15970','shadow'),
('https://www.textstudio.com/font/black-cycle-aged-shadow-15970','uppercase'),
('https://www.textstudio.com/font/grovelane-15099','christmas'),
('https://www.textstudio.com/font/grovelane-15099','condensed'),
('https://www.textstudio.com/font/grovelane-15099','felt-tip-pen'),
('https://www.textstudio.com/font/grovelane-15099','halloween'),
('https://www.textstudio.com/font/grovelane-15099','handwriting'),
('https://www.textstudio.com/font/grovelane-15099','handwritten'),
('https://www.textstudio.com/font/grovelane-15099','inked'),
('https://www.textstudio.com/font/grovelane-15099','marker'),
('https://www.textstudio.com/font/grovelane-15099','script'),
('https://www.textstudio.com/font/white-wonder-15143','comic'),
('https://www.textstudio.com/font/white-wonder-15143','cursive'),
('https://www.textstudio.com/font/white-wonder-15143','handwriting'),
('https://www.textstudio.com/font/white-wonder-15143','handwritten'),
('https://www.textstudio.com/font/white-wonder-15143','inked'),
('https://www.textstudio.com/font/white-wonder-15143','italic'),
('https://www.textstudio.com/font/white-wonder-15143','retro'),
('https://www.textstudio.com/font/white-wonder-15143','script'),
('https://www.textstudio.com/font/white-wonder-15143','vintage'),
('https://www.textstudio.com/font/experiment-butterfly-normal-10294','death-metal'),
('https://www.textstudio.com/font/experiment-butterfly-normal-10294','djinn'),
('https://www.textstudio.com/font/experiment-butterfly-normal-10294','fire'),
('https://www.textstudio.com/font/experiment-butterfly-normal-10294','flames'),
('https://www.textstudio.com/font/experiment-butterfly-normal-10294','halloween'),
('https://www.textstudio.com/font/experiment-butterfly-normal-10294','hard-rock'),
('https://www.textstudio.com/font/experiment-butterfly-normal-10294','horror'),
('https://www.textstudio.com/font/experiment-butterfly-normal-10294','magic'),
('https://www.textstudio.com/font/experiment-butterfly-normal-10294','oriental'),
('https://www.textstudio.com/font/experiment-butterfly-normal-10294','sorcery'),
('https://www.textstudio.com/font/experiment-butterfly-normal-10294','terror'),
('https://www.textstudio.com/font/experiment-butterfly-normal-10294','wave'),
('https://www.textstudio.com/font/experiment-butterfly-normal-10294','wavy'),
('https://www.textstudio.com/font/experiment-butterfly-normal-10294','witch'),
('https://www.textstudio.com/font/experiment-butterfly-normal-10294','wizard'),
('https://www.textstudio.com/font/brewhouse-full-16151','3d'),
('https://www.textstudio.com/font/brewhouse-full-16151','calligraphy'),
('https://www.textstudio.com/font/brewhouse-full-16151','celtic'),
('https://www.textstudio.com/font/brewhouse-full-16151','extruded'),
('https://www.textstudio.com/font/brewhouse-full-16151','gothic'),
('https://www.textstudio.com/font/brewhouse-full-16151','harry-potter'),
('https://www.textstudio.com/font/brewhouse-full-16151','inked'),
('https://www.textstudio.com/font/brewhouse-full-16151','lowercase'),
('https://www.textstudio.com/font/brewhouse-full-16151','magic'),
('https://www.textstudio.com/font/brewhouse-full-16151','magician'),
('https://www.textstudio.com/font/brewhouse-full-16151','medival'),
('https://www.textstudio.com/font/brewhouse-full-16151','narrow'),
('https://www.textstudio.com/font/brewhouse-full-16151','old-english'),
('https://www.textstudio.com/font/brewhouse-full-16151','pirates'),
('https://www.textstudio.com/font/brewhouse-full-16151','shadow'),
('https://www.textstudio.com/font/brewhouse-full-16151','tattoo'),
('https://www.textstudio.com/font/white-cakes-15047','cartoon'),
('https://www.textstudio.com/font/white-cakes-15047','comic'),
('https://www.textstudio.com/font/white-cakes-15047','cursive'),
('https://www.textstudio.com/font/white-cakes-15047','handwriting'),
('https://www.textstudio.com/font/white-cakes-15047','handwritten'),
('https://www.textstudio.com/font/white-cakes-15047','inked'),
('https://www.textstudio.com/font/white-cakes-15047','kids'),
('https://www.textstudio.com/font/white-cakes-15047','school'),
('https://www.textstudio.com/font/white-cakes-15047','script'),
('https://www.textstudio.com/font/handmade-signature-13269','cursive'),
('https://www.textstudio.com/font/handmade-signature-13269','handwriting'),
('https://www.textstudio.com/font/handmade-signature-13269','handwritten'),
('https://www.textstudio.com/font/handmade-signature-13269','inked'),
('https://www.textstudio.com/font/handmade-signature-13269','italic'),
('https://www.textstudio.com/font/handmade-signature-13269','light'),
('https://www.textstudio.com/font/handmade-signature-13269','script'),
('https://www.textstudio.com/font/handmade-signature-13269','signature'),
('https://www.textstudio.com/font/handmade-signature-13269','tiny'),
('https://www.textstudio.com/font/autumn-normal-10202','grunge'),
('https://www.textstudio.com/font/autumn-normal-10202','halloween'),
('https://www.textstudio.com/font/autumn-normal-10202','horror'),
('https://www.textstudio.com/font/autumn-normal-10202','terror'),
('https://www.textstudio.com/font/ride-the-lightning-hollow-inver-9511','gothic'),
('https://www.textstudio.com/font/ride-the-lightning-hollow-inver-9511','hard-rock'),
('https://www.textstudio.com/font/ride-the-lightning-hollow-inver-9511','highlighted'),
('https://www.textstudio.com/font/ride-the-lightning-hollow-inver-9511','horror'),
('https://www.textstudio.com/font/ride-the-lightning-hollow-inver-9511','modern'),
('https://www.textstudio.com/font/ride-the-lightning-hollow-inver-9511','outline'),
('https://www.textstudio.com/font/ride-the-lightning-hollow-inver-9511','terror'),
('https://www.textstudio.com/font/hkf-gold-queen-decorative-15879','baroque'),
('https://www.textstudio.com/font/hkf-gold-queen-decorative-15879','calligraphy'),
('https://www.textstudio.com/font/hkf-gold-queen-decorative-15879','fancy'),
('https://www.textstudio.com/font/hkf-gold-queen-decorative-15879','gothic'),
('https://www.textstudio.com/font/hkf-gold-queen-decorative-15879','newspaper'),
('https://www.textstudio.com/font/hkf-gold-queen-decorative-15879','old-english'),
('https://www.textstudio.com/font/hkf-gold-queen-decorative-15879','pirates'),
('https://www.textstudio.com/font/hkf-gold-queen-decorative-15879','retro'),
('https://www.textstudio.com/font/hkf-gold-queen-decorative-15879','tattoo'),
('https://www.textstudio.com/font/lobster-two-bold-italic-2488','baseball'),
('https://www.textstudio.com/font/lobster-two-bold-italic-2488','script'),
('https://www.textstudio.com/font/lobster-two-bold-italic-2488','surf'),
('https://www.textstudio.com/font/lobster-two-bold-italic-2488','vintage'),
('https://www.textstudio.com/font/libre-franklin-bold-italic-15894','basic'),
('https://www.textstudio.com/font/libre-franklin-bold-italic-15894','italic'),
('https://www.textstudio.com/font/libre-franklin-bold-italic-15894','sans-serif'),
('https://www.textstudio.com/font/autumn-festival-12405','cursive'),
('https://www.textstudio.com/font/autumn-festival-12405','handwriting'),
('https://www.textstudio.com/font/autumn-festival-12405','handwritten'),
('https://www.textstudio.com/font/autumn-festival-12405','italic'),
('https://www.textstudio.com/font/autumn-festival-12405','script'),
('https://www.textstudio.com/font/autumn-festival-12405','signature'),
('https://www.textstudio.com/font/autumn-festival-12405','thin'),
('https://www.textstudio.com/font/fredoka-expanded-bold-17675','basic'),
('https://www.textstudio.com/font/fredoka-expanded-bold-17675','expanded'),
('https://www.textstudio.com/font/fredoka-expanded-bold-17675','rounded'),
('https://www.textstudio.com/font/fredoka-expanded-bold-17675','sans-serif'),
('https://www.textstudio.com/font/fredoka-expanded-bold-17675','wide'),
('https://www.textstudio.com/font/night-full-of-light-13769','felt-tip-pen'),
('https://www.textstudio.com/font/night-full-of-light-13769','graffiti'),
('https://www.textstudio.com/font/night-full-of-light-13769','handwriting'),
('https://www.textstudio.com/font/night-full-of-light-13769','handwritten'),
('https://www.textstudio.com/font/night-full-of-light-13769','marker'),
('https://www.textstudio.com/font/night-full-of-light-13769','pencil'),
('https://www.textstudio.com/font/night-full-of-light-13769','script'),
('https://www.textstudio.com/font/night-full-of-light-13769','uneven'),
('https://www.textstudio.com/font/eat-and-drink-13037','display'),
('https://www.textstudio.com/font/eat-and-drink-13037','felt-tip-pen'),
('https://www.textstudio.com/font/eat-and-drink-13037','handwriting'),
('https://www.textstudio.com/font/eat-and-drink-13037','handwritten'),
('https://www.textstudio.com/font/eat-and-drink-13037','marker'),
('https://www.textstudio.com/font/eat-and-drink-13037','script'),
('https://www.textstudio.com/font/eat-and-drink-13037','thin'),
('https://www.textstudio.com/font/abc-hollow-inverse-normal-10150','cartoon'),
('https://www.textstudio.com/font/abc-hollow-inverse-normal-10150','comic'),
('https://www.textstudio.com/font/abc-hollow-inverse-normal-10150','highlighted'),
('https://www.textstudio.com/font/abc-hollow-inverse-normal-10150','kids'),
('https://www.textstudio.com/font/abc-hollow-inverse-normal-10150','outline'),
('https://www.textstudio.com/font/abc-hollow-inverse-normal-10150','rounded'),
('https://www.textstudio.com/font/libre-franklin-italic-15899','basic'),
('https://www.textstudio.com/font/libre-franklin-italic-15899','sans-serif'),
('https://www.textstudio.com/font/india-pa-aged-script-15925','cursive'),
('https://www.textstudio.com/font/india-pa-aged-script-15925','handwriting'),
('https://www.textstudio.com/font/india-pa-aged-script-15925','handwritten'),
('https://www.textstudio.com/font/india-pa-aged-script-15925','italic'),
('https://www.textstudio.com/font/india-pa-aged-script-15925','kids'),
('https://www.textstudio.com/font/india-pa-aged-script-15925','retro'),
('https://www.textstudio.com/font/india-pa-aged-script-15925','school'),
('https://www.textstudio.com/font/india-pa-aged-script-15925','script'),
('https://www.textstudio.com/font/india-pa-aged-script-15925','vintage'),
('https://www.textstudio.com/font/binggrae-melona-bold-15836','basic'),
('https://www.textstudio.com/font/binggrae-melona-bold-15836','bold'),
('https://www.textstudio.com/font/binggrae-melona-bold-15836','korean'),
('https://www.textstudio.com/font/binggrae-melona-bold-15836','semi-serif'),
('https://www.textstudio.com/font/barbie-town-12471','bold'),
('https://www.textstudio.com/font/barbie-town-12471','display'),
('https://www.textstudio.com/font/barbie-town-12471','handwriting'),
('https://www.textstudio.com/font/barbie-town-12471','handwritten'),
('https://www.textstudio.com/font/barbie-town-12471','marker'),
('https://www.textstudio.com/font/barbie-town-12471','script'),
('https://www.textstudio.com/font/valentine-street-12236','cute'),
('https://www.textstudio.com/font/valentine-street-12236','garfiti'),
('https://www.textstudio.com/font/valentine-street-12236','graffiti'),
('https://www.textstudio.com/font/valentine-street-12236','hearts'),
('https://www.textstudio.com/font/valentine-street-12236','love'),
('https://www.textstudio.com/font/valentine-street-12236','street-art'),
('https://www.textstudio.com/font/valentine-street-12236','uneven'),
('https://www.textstudio.com/font/valentine-street-12236','valentine'),
('https://www.textstudio.com/font/cookierunotf-regular-15799','adventure'),
('https://www.textstudio.com/font/cookierunotf-regular-15799','basic'),
('https://www.textstudio.com/font/cookierunotf-regular-15799','cartoon'),
('https://www.textstudio.com/font/cookierunotf-regular-15799','comic'),
('https://www.textstudio.com/font/cookierunotf-regular-15799','display'),
('https://www.textstudio.com/font/cookierunotf-regular-15799','jungle'),
('https://www.textstudio.com/font/cookierunotf-regular-15799','korean'),
('https://www.textstudio.com/font/cookierunotf-regular-15799','sans-serif'),
('https://www.textstudio.com/font/ainsley-signature-12298','calligraphy'),
('https://www.textstudio.com/font/ainsley-signature-12298','christmas'),
('https://www.textstudio.com/font/ainsley-signature-12298','cursive'),
('https://www.textstudio.com/font/ainsley-signature-12298','handwriting'),
('https://www.textstudio.com/font/ainsley-signature-12298','handwritten'),
('https://www.textstudio.com/font/ainsley-signature-12298','inked'),
('https://www.textstudio.com/font/ainsley-signature-12298','italic'),
('https://www.textstudio.com/font/ainsley-signature-12298','script'),
('https://www.textstudio.com/font/ainsley-signature-12298','signature'),
('https://www.textstudio.com/font/ainsley-signature-12298','thin'),
('https://www.textstudio.com/font/astonishing-7851','baseball'),
('https://www.textstudio.com/font/astonishing-7851','retro'),
('https://www.textstudio.com/font/astonishing-7851','school'),
('https://www.textstudio.com/font/astonishing-7851','script'),
('https://www.textstudio.com/font/astonishing-7851','thin'),
('https://www.textstudio.com/font/astonishing-7851','vintage'),
('https://www.textstudio.com/font/ibm-plex-sans-kr-bold-2104','basic'),
('https://www.textstudio.com/font/ibm-plex-sans-kr-bold-2104','korean'),
('https://www.textstudio.com/font/ibm-plex-sans-kr-bold-2104','sans-serif'),
('https://www.textstudio.com/font/master-panda-9050','cartoon'),
('https://www.textstudio.com/font/master-panda-9050','fancy'),
('https://www.textstudio.com/font/master-panda-9050','kids'),
('https://www.textstudio.com/font/master-panda-9050','rounded'),
('https://www.textstudio.com/font/ibm-plex-mono-333','basic'),
('https://www.textstudio.com/font/ibm-plex-mono-333','code'),
('https://www.textstudio.com/font/ibm-plex-mono-333','coding'),
('https://www.textstudio.com/font/ibm-plex-mono-333','computer'),
('https://www.textstudio.com/font/ibm-plex-mono-333','computing'),
('https://www.textstudio.com/font/ibm-plex-mono-333','fixed-pitch'),
('https://www.textstudio.com/font/ibm-plex-mono-333','fixed-width'),
('https://www.textstudio.com/font/ibm-plex-mono-333','monospaced'),
('https://www.textstudio.com/font/ibm-plex-mono-333','promgramming'),
('https://www.textstudio.com/font/ibm-plex-mono-333','slab-serif'),
('https://www.textstudio.com/font/ibm-plex-mono-333','typewriter'),
('https://www.textstudio.com/font/ibm-plex-mono-333','web'),
('https://www.textstudio.com/font/spring-holiday-14278','felt-tip-pen'),
('https://www.textstudio.com/font/spring-holiday-14278','handwriting'),
('https://www.textstudio.com/font/spring-holiday-14278','handwritten'),
('https://www.textstudio.com/font/spring-holiday-14278','marker'),
('https://www.textstudio.com/font/spring-holiday-14278','sans-serif'),
('https://www.textstudio.com/font/spring-holiday-14278','script'),
('https://www.textstudio.com/font/trirong-thin-3396','basic'),
('https://www.textstudio.com/font/trirong-thin-3396','coding'),
('https://www.textstudio.com/font/trirong-thin-3396','computer'),
('https://www.textstudio.com/font/trirong-thin-3396','programming'),
('https://www.textstudio.com/font/trirong-thin-3396','retro'),
('https://www.textstudio.com/font/trirong-thin-3396','slab-serif'),
('https://www.textstudio.com/font/trirong-thin-3396','thin'),
('https://www.textstudio.com/font/trirong-thin-3396','typewriter'),
('https://www.textstudio.com/font/martyna-signature-13659','condensed'),
('https://www.textstudio.com/font/martyna-signature-13659','cursive'),
('https://www.textstudio.com/font/martyna-signature-13659','handwriting'),
('https://www.textstudio.com/font/martyna-signature-13659','handwritten'),
('https://www.textstudio.com/font/martyna-signature-13659','italic'),
('https://www.textstudio.com/font/martyna-signature-13659','retro'),
('https://www.textstudio.com/font/martyna-signature-13659','script'),
('https://www.textstudio.com/font/martyna-signature-13659','signature'),
('https://www.textstudio.com/font/martyna-signature-13659','thin'),
('https://www.textstudio.com/font/martyna-signature-13659','tiny'),
('https://www.textstudio.com/font/black-cycle-aged-shadow-15966','3d'),
('https://www.textstudio.com/font/black-cycle-aged-shadow-15966','condensed'),
('https://www.textstudio.com/font/black-cycle-aged-shadow-15966','death-metal'),
('https://www.textstudio.com/font/black-cycle-aged-shadow-15966','embossed'),
('https://www.textstudio.com/font/black-cycle-aged-shadow-15966','eroded'),
('https://www.textstudio.com/font/black-cycle-aged-shadow-15966','extrude'),
('https://www.textstudio.com/font/black-cycle-aged-shadow-15966','gothic'),
('https://www.textstudio.com/font/black-cycle-aged-shadow-15966','grunge'),
('https://www.textstudio.com/font/black-cycle-aged-shadow-15966','hard-rock'),
('https://www.textstudio.com/font/black-cycle-aged-shadow-15966','heavy-metal'),
('https://www.textstudio.com/font/black-cycle-aged-shadow-15966','peaked'),
('https://www.textstudio.com/font/black-cycle-aged-shadow-15966','pointed'),
('https://www.textstudio.com/font/black-cycle-aged-shadow-15966','scratched'),
('https://www.textstudio.com/font/black-cycle-aged-shadow-15966','shadow'),
('https://www.textstudio.com/font/black-cycle-aged-shadow-15966','sharp'),
('https://www.textstudio.com/font/black-cycle-aged-shadow-15966','sharpened'),
('https://www.textstudio.com/font/black-cycle-aged-shadow-15966','uppercase'),
('https://www.textstudio.com/font/toxic-inked-12173','black'),
('https://www.textstudio.com/font/toxic-inked-12173','eroded'),
('https://www.textstudio.com/font/toxic-inked-12173','halloween'),
('https://www.textstudio.com/font/toxic-inked-12173','horror'),
('https://www.textstudio.com/font/toxic-inked-12173','scratched'),
('https://www.textstudio.com/font/toxic-inked-12173','terror'),
('https://www.textstudio.com/font/toxic-inked-12173','trash'),
('https://www.textstudio.com/font/fireboys-outline-11606','devil'),
('https://www.textstudio.com/font/fireboys-outline-11606','fire'),
('https://www.textstudio.com/font/fireboys-outline-11606','flame'),
('https://www.textstudio.com/font/fireboys-outline-11606','halloween'),
('https://www.textstudio.com/font/fireboys-outline-11606','horror'),
('https://www.textstudio.com/font/fireboys-outline-11606','hot'),
('https://www.textstudio.com/font/fireboys-outline-11606','outline'),
('https://www.textstudio.com/font/fireboys-outline-11606','terror'),
('https://www.textstudio.com/font/source-sans-3229','basic'),
('https://www.textstudio.com/font/source-sans-3229','coding'),
('https://www.textstudio.com/font/source-sans-3229','computer'),
('https://www.textstudio.com/font/source-sans-3229','computing'),
('https://www.textstudio.com/font/source-sans-3229','light'),
('https://www.textstudio.com/font/source-sans-3229','programming'),
('https://www.textstudio.com/font/source-sans-3229','sans-serif'),
('https://www.textstudio.com/font/july-sweet-13515','cursive'),
('https://www.textstudio.com/font/july-sweet-13515','handwriting'),
('https://www.textstudio.com/font/july-sweet-13515','handwritten'),
('https://www.textstudio.com/font/july-sweet-13515','italic'),
('https://www.textstudio.com/font/july-sweet-13515','script'),
('https://www.textstudio.com/font/july-sweet-13515','signature'),
('https://www.textstudio.com/font/july-sweet-13515','tiny'),
('https://www.textstudio.com/font/july-sweet-13515','ultra-thin'),
('https://www.textstudio.com/font/kameron-bold-2301','basic'),
('https://www.textstudio.com/font/kameron-bold-2301','bracket-serif'),
('https://www.textstudio.com/font/kameron-bold-2301','google-web'),
('https://www.textstudio.com/font/kameron-bold-2301','serif'),
('https://www.textstudio.com/font/kameron-bold-2301','slab-serif'),
('https://www.textstudio.com/font/kameron-bold-2301','text'),
('https://www.textstudio.com/font/kameron-bold-2301','vintage'),
('https://www.textstudio.com/font/kameron-bold-2301','western'),
('https://www.textstudio.com/font/achieved-14794','bold'),
('https://www.textstudio.com/font/achieved-14794','christmas'),
('https://www.textstudio.com/font/achieved-14794','curly'),
('https://www.textstudio.com/font/achieved-14794','cursive'),
('https://www.textstudio.com/font/achieved-14794','handwriting'),
('https://www.textstudio.com/font/achieved-14794','handwritten'),
('https://www.textstudio.com/font/achieved-14794','inked'),
('https://www.textstudio.com/font/achieved-14794','script')
ON CONFLICT (page_url, category_slug) DO NOTHING;

COMMIT;

-- Summary: total_fonts=188 free=36 premium=152 unknown=0 categories=123 mappings=361
